id,category,sender,expected_verdict,lure,message
legit-bank-001,banca,CaixaBank,no_puedo_confirmarlo,purchase_receipt,"CaixaBank: Has realizado una compra de 34,50 EUR en MERCADONA con tu tarjeta terminada en *4920. Si reconoces la operacion no necesitas hacer nada."
legit-bank-002,banca,BBVA,no_puedo_confirmarlo,legit_otp,"BBVA: Tu clave de un solo uso para confirmar la transferencia de 120,00 EUR es 489201. Recuerda: ningun empleado de BBVA te pedira jamas esta clave."
legit-bank-003,banca,Santander,no_puedo_confirmarlo,appointment,"Banco Santander: Recordatorio de tu cita presencial con tu gestor manana a las 11:30 en la oficina de Calle Alcala 42. Para cambiarla entra en https://www.bancosantander.es"
legit-bank-004,banca,Sabadell,no_puedo_confirmarlo,monthly_statement,"Banco Sabadell: Ya tienes disponible tu extracto mensual consolidado de julio en la app y en https://www.bancosabadell.com"
legit-bank-005,banca,Bankinter,no_puedo_confirmarlo,payroll_deposit,"Bankinter: Se ha abonado tu nomina de 1.850,00 EUR en la cuenta *8831. Consulta tus movimientos en la app oficial."
legit-bank-006,banca,ING,no_puedo_confirmarlo,scheduled_transfer,"ING: Tu transferencia periodica mensual a favor de AHORRO por 200,00 EUR se ha emitido correctamente."
legit-bank-007,banca,Abanca,no_puedo_confirmarlo,bizum_received,"ABANCA: Has recibido un Bizum de 25,00 EUR de MARIA G. Concepto: Cena viernes. Saldo disponible actualizado."
legit-bank-008,banca,Openbank,no_puedo_confirmarlo,card_delivery,"Openbank: Tu nueva tarjeta de debito ha sido enviada por correo postal a tu domicilio. La recibiras en un plazo de 3 a 5 dias laborables."
legit-bank-009,banca,Unicaja,no_puedo_confirmarlo,tax_debit_notice,"Unicaja Banco: Te informamos de que el cargo del recibo de IBI por 184,20 EUR se cargara en tu cuenta el proximo 01/09."
legit-bank-010,banca,Ibercaja,no_puedo_confirmarlo,satisfaction_survey,"Ibercaja: Hemos atendido tu consulta telefonica. Valoranos del 1 al 10 respondiendo gratuitamente a este SMS."
legit-bank-011,banca,Kutxabank,no_puedo_confirmarlo,login_notification,"Kutxabank: Aviso de seguridad. Se ha iniciado sesion en tu banca online desde un navegador habitual. Si has sido tu, ignora este mensaje."
legit-bank-012,banca,CaixaBank,no_puedo_confirmarlo,bill_paid,"CaixaBank: Tu recibo de comunidad de propietarios por 65,00 EUR ha sido cargado con exito."
legit-bank-013,banca,BBVA,no_puedo_confirmarlo,manager_notice,"BBVA: Tu gestor asignado Carlos Ruiz estara ausente por vacaciones del 1 al 15 de agosto. Para cualquier gestion acude a tu oficina o web oficial https://www.bbva.es"
legit-bank-014,banca,Santander,no_puedo_confirmarlo,signature_otp,"Santander: Tu codigo de firma electronica para autorizar la contratacion del deposito es 930184. No compartas este codigo con nadie."
legit-bank-015,banca,ING,no_puedo_confirmarlo,card_request,"ING: Hemos recibido tu solicitud de duplicado de tarjeta. Te avisaremos en cuanto salga a reparto."
legit-bank-016,banca,Bankinter,no_puedo_confirmarlo,mortgage_debit,"Bankinter: Se ha cargado la cuota de tu hipoteca por 540,22 EUR correspondiente al mes en curso."
legit-bank-017,banca,Sabadell,no_puedo_confirmarlo,auth_code,"Banco Sabadell: Clave para acceder a tu contrato digital: 719402. Valida solo durante 5 minutos."
legit-bank-018,banca,Abanca,no_puedo_confirmarlo,terms_update,"ABANCA: Recuerda que a partir del 1 de octubre entran en vigor las nuevas condiciones de tu cuenta que puedes consultar en tu buzon de correspondencia."
legit-bank-019,banca,CaixaBank,no_puedo_confirmarlo,bizum_sent,"CaixaBank: Operacion Bizum enviada correctamente a PABLO M. por importe de 15,00 EUR."
legit-bank-020,banca,BBVA,no_puedo_confirmarlo,card_purchase,"BBVA: Pago con tarjeta de 12,90 EUR en CINES CALLAO autorizado. Saldo restante: 1.420,10 EUR."
legit-bank-021,banca,Openbank,no_puedo_confirmarlo,wire_transfer,"Openbank: Tu transferencia internacional hacia FR763000... por 350,00 EUR ha sido procesada con exito."
legit-bank-022,banca,Unicaja,no_puedo_confirmarlo,device_otp,"Unicaja: Clave 552109 para autorizar el alta de dispositivo movil en tu banca digital. No la facilites a terceros."
legit-bank-023,banca,Santander,no_puedo_confirmarlo,subscription_debit,"Santander: Cargo en cuenta de 42,00 EUR por suscripcion anual. Consulta el detalle en la app Santander."
legit-bank-024,banca,Kutxabank,no_puedo_confirmarlo,limit_alert,"Kutxabank: Has superado el 80% del limite mensual establecido en tu tarjeta de credito. Puedes ampliarlo desde la app."
legit-bank-025,banca,Ibercaja,no_puedo_confirmarlo,transfer_delivered,"Ibercaja: Tu transferencia nacional por 80,00 EUR a favor de LUCIA R. ha llegado a su destino."
legit-paqueteria-026,paqueteria,CORREOS,no_puedo_confirmarlo,citypaq_pickup,"Correos: Tu envio PQ892014 ya esta disponible en Citypaq Estacion Sur. Codigo de recogida: 8492. Tienes 5 dias para retirarlo. https://www.correos.es"
legit-paqueteria-027,paqueteria,SEUR,no_puedo_confirmarlo,out_for_delivery,"SEUR: Tu pedido de Amazon con ref SEUR99482 esta en reparto. La entrega estimada es hoy entre las 11:30 y las 13:30 en tu direccion. https://www.seur.com"
legit-paqueteria-028,paqueteria,DHL,no_puedo_confirmarlo,delivered,"DHL Express: Tu envio con seguimiento 4920194820 ha sido entregado en el buzon / conserjeria. Gracias por confiar en DHL."
legit-paqueteria-029,paqueteria,CorreosExpress,no_puedo_confirmarlo,delivery_window,"Correos Express: Entregaremos tu envio 320194820 hoy antes de las 19:00h. Si no vas a estar en casa puedes modificarlo en https://www.correosexpress.com"
legit-paqueteria-030,paqueteria,GLS,no_puedo_confirmarlo,transit,"GLS: Tu paquete 8940281 ha salido de nuestras instalaciones centrales y llegara manana a destino. Sigue el envio en https://www.gls-spain.es"
legit-paqueteria-031,paqueteria,MRW,no_puedo_confirmarlo,branch_pickup,"MRW: Tenemos tu envio 048291 disponible en la franquicia de Calle Mayor 12. Horario de 09:00 a 14:00 y 16:30 a 20:00."
legit-paqueteria-032,paqueteria,Celeritas,no_puedo_confirmarlo,parcel_shop,"Celeritas: Tu paquete de Zalando ha llegado al Punto Celeritas 'Papeleria Sol'. Muestra tu DNI y el codigo CEL-4820 para recogerlo."
legit-paqueteria-033,paqueteria,CORREOS,no_puedo_confirmarlo,missed_delivery,"Correos: El envio certificado CD9028104 no pudo ser entregado por ausencia. Puedes recogerlo en tu oficina de referencia a partir de manana con el aviso de llegada."
legit-paqueteria-034,paqueteria,FedEx,no_puedo_confirmarlo,delivery_receipt,"FedEx: Shipment 784920192 has been delivered. Signed for by: J. GARCIA. Track at https://www.fedex.com"
legit-paqueteria-035,paqueteria,SEUR,no_puedo_confirmarlo,pickup_confirmed,"SEUR: Tu paquete ha sido entregado en el punto SEUR Pickup mas cercano por peticion tuya. Tienes 10 dias para recogerlo."
legit-paqueteria-036,paqueteria,CORREOS,no_puedo_confirmarlo,package_admitted,"Correos: Aviso de admision. Hemos admitido tu envio PA849201 en la oficina de origen. Destino: Barcelona."
legit-paqueteria-037,paqueteria,GLS,no_puedo_confirmarlo,delivery_survey,"GLS: Entrega completada con exito para el envio 9948201. Valora nuestro servicio de reparto respondiendo del 1 al 5."
legit-paqueteria-038,paqueteria,CorreosExpress,no_puedo_confirmarlo,conserje_delivery,"Correos Express: El envio 8492014 ha sido depositado en tu porteria segun tus instrucciones de entrega."
legit-paqueteria-039,paqueteria,MRW,no_puedo_confirmarlo,driver_assigned,"MRW: Envio en reparto. Repartidor asignado: Roberto. Entrega prevista a lo largo de la manana en tu domicilio."
legit-paqueteria-040,paqueteria,DHL,no_puedo_confirmarlo,official_tracking,"DHL Parcel: Tu paquete de El Corte Ingles esta en camino. Consulta el estado en tiempo real en https://www.dhl.com/es-es/home.html"
legit-administracion-041,administracion_publica,DGT,no_puedo_confirmarlo,dgt_appointment,"DGT: Recordatorio de cita para renovacion del permiso de conducir el 24/08 a las 10:15 en Jefatura Provincial de Madrid. Anulaciones en https://sede.dgt.gob.es"
legit-administracion-042,administracion_publica,AEAT,no_puedo_confirmarlo,aeat_notification,"Agencia Tributaria: Se ha emitido una notificacion electronica en su direccion electronica habilitada (DEHú). Acceda a la sede oficial https://sede.agenciatributaria.gob.es con su certificado digital o Cl@ve."
legit-administracion-043,administracion_publica,Seg-Social,no_puedo_confirmarlo,seg_social_appointment,"Seguridad Social: Confirmacion de cita presencial en el Centro de Atencion e Informacion de la Seguridad Social (CAISS) para el dia 02/09 a las 09:30."
legit-administracion-044,administracion_publica,CitaPreviaDNI,no_puedo_confirmarlo,dni_appointment,"Policia Nacional: Cita para renovacion de DNI/Pasaporte confirmada para el 28/08/2026 a las 12:40 en Comisaria Centro. Tasa oficial: 12,00 EUR en efectivo o pago telematico."
legit-administracion-045,administracion_publica,SaludMadrid,no_puedo_confirmarlo,medical_appointment,"SERMAS: Le recordamos su cita medica con Dermatologia en Hospital La Paz el 15/09/2026 a las 10:00. Acuda 10 minutos antes a la consulta 204."
legit-administracion-046,administracion_publica,CatSalut,no_puedo_confirmarlo,medical_appointment_regional,"CatSalut: Recordatori de cita programada a CAP Maragall el dia 04/09 a les 16:20 amb el seu metge de familia. Si no pot assistir truqui al 061."
legit-administracion-047,administracion_publica,Clave,no_puedo_confirmarlo,clave_pin,"Cl@ve PIN: Tu codigo PIN es 8492. Valido durante 10 minutos para realizar tramites en sedes oficiales de la Administracion General del Estado."
legit-administracion-048,administracion_publica,TGSS,no_puedo_confirmarlo,labor_life,"Seguridad Social: Se ha registrado el alta del trabajador en el Regimen General con fecha de efectos 01/09/2026. Informe de vida laboral disponible en sede oficial https://sede.seg-social.gob.es"
legit-administracion-049,administracion_publica,SEPE,no_puedo_confirmarlo,sepe_appointment,"SEPE: Cita para solicitud de prestaciones reconocida para el 10/09 a las 11:00 en oficina de empleo de Getafe. Cita telefonica: le llamaremos a este numero."
legit-administracion-050,administracion_publica,AytoMadrid,no_puedo_confirmarlo,city_hall_appointment,"Ayuntamiento de Madrid: Confirmada su cita previa para Padron Municipal el dia 05/09 a las 09:15 en OAC Chamberi. Lleve documento identificativo original."
legit-administracion-051,administracion_publica,DGT,no_puedo_confirmarlo,eco_sticker,"DGT: Su distintivo ambiental 0 Emisiones para el vehiculo con matricula 8492KLP ha sido emitido y esta en transito postal."
legit-administracion-052,administracion_publica,AEAT,no_puedo_confirmarlo,official_tax_notice,"Agencia Tributaria: Se le informa del abono de la devolucion tributaria acordada correspondiente al ejercicio fiscal. Consulte su estado en https://sede.agenciatributaria.gob.es"
legit-administracion-053,administracion_publica,SASalud,no_puedo_confirmarlo,blood_test_appointment,"Servicio Andaluz de Salud: Cita para analitica de sangre el 08/09 a las 08:15 en su Centro de Salud. En ayunas de 8 horas."
legit-administracion-054,administracion_publica,Ministerio,no_puedo_confirmarlo,scholarship,"Ministerio de Educacion: Concesion provisional de Beca de Estudios curso 2026/2027. Consulte resolucion con su certificado en sede oficial https://sede.educacion.gob.es"
legit-administracion-055,administracion_publica,INE,no_puedo_confirmarlo,ine_survey,"INE: Gracias por colaborar en la Encuesta Continua de Hogares. Su cuestionario ha sido registrado satisfactoriamente."
legit-familia-056,familia_cotidiano,+34 612 998 877,no_puedo_confirmarlo,real_new_phone,"Hola mama, se me ha roto el movil y este es mi numero nuevo provisional que me ha dejado Lucas. Te escribo por aqui para que lo tengas guardado."
legit-familia-057,familia_cotidiano,+34 689 334 455,no_puedo_confirmarlo,dinner_plan,"Papa, llego a casa a las 20:30 de la biblioteca. Cenamos juntos hoy?"
legit-familia-058,familia_cotidiano,+34 655 221 100,no_puedo_confirmarlo,grocery_request,"Hola carino, puedes comprar pan y leche al volver del trabajo? Yo salgo mas tarde de la oficina."
legit-familia-059,familia_cotidiano,+34 600 778 899,no_puedo_confirmarlo,travel_checkin,"Mama ya he aterrizado en Roma, todo el viaje genial y el hotel esta muy bien. Manana os llamo por videollamada. Un beso!"
legit-familia-060,familia_cotidiano,+34 677 112 233,no_puedo_confirmarlo,keys_dropped,"Hola tio, te he dejado las llaves del coche en el buzon como me dijiste. Que tengas buen fin de semana!"
legit-familia-061,familia_cotidiano,+34 644 889 900,no_puedo_confirmarlo,friends_movie,"Buenas! Quedamos al final manana a las 18h en la puerta del cine para sacar las entradas?"
legit-familia-062,familia_cotidiano,+34 633 445 566,no_puedo_confirmarlo,soccer_match,"Papa, el partido de futbol del sabado se ha cambiado a las 11:00 en vez de las 10:00 en el polideportivo."
legit-familia-063,familia_cotidiano,+34 622 001 122,no_puedo_confirmarlo,study_session,"Hola mama, me quedo a comer en casa de Marta a estudiar para el examen de biologia. Llego sobre las 18h."
legit-familia-064,familia_cotidiano,+34 699 556 677,no_puedo_confirmarlo,birthday_wish,"Felicidades abuelo!! Que pases un gran dia de cumpleanos con toda la familia. El domingo vamos a comer a tu casa!"
legit-familia-065,familia_cotidiano,+34 666 778 899,no_puedo_confirmarlo,kids_pickup,"Hola papa, ya he recogido a los ninos del colegio y estamos en el parque merendando. Nos vemos en casa."
legit-seguridad-066,seguridad_2fa,Google,no_puedo_confirmarlo,google_2fa,"G-849201 es tu codigo de verificacion de Google. No lo compartas con nadie por motivos de seguridad."
legit-seguridad-067,seguridad_2fa,Microsoft,no_puedo_confirmarlo,microsoft_2fa,"Usa 492018 como codigo de seguridad para la cuenta Microsoft. No facilites este codigo a terceros."
legit-seguridad-068,seguridad_2fa,Apple,no_puedo_confirmarlo,apple_2fa,"Tu codigo de verificacion de Apple ID es: 719402. No lo compartas con nadie."
legit-seguridad-069,seguridad_2fa,WhatsApp,no_puedo_confirmarlo,whatsapp_2fa,"Tu codigo de verificacion de WhatsApp: 394-201. No compartas este codigo con nadie."
legit-seguridad-070,seguridad_2fa,Telegram,no_puedo_confirmarlo,telegram_2fa,"Telegram code: 84920. You can also tap on this link to log in: https://t.me"
legit-seguridad-071,seguridad_2fa,Amazon,no_puedo_confirmarlo,amazon_otp,"948201 es tu contraseña temporal de un solo uso (OTP) de Amazon. No la compartas con nadie."
legit-seguridad-072,seguridad_2fa,Twitter,no_puedo_confirmarlo,twitter_2fa,"Tu codigo de confirmacion de X (Twitter) es 482910. Valido por 10 minutos."
legit-seguridad-073,seguridad_2fa,Instagram,no_puedo_confirmarlo,instagram_2fa,"Codigo de seguridad de Instagram: 819 402. Introduce este codigo para verificar tu cuenta."
legit-seguridad-074,seguridad_2fa,Uber,no_puedo_confirmarlo,uber_otp,"Tu codigo de verificacion de Uber es 3920. Nunca compartas este codigo con nadie."
legit-seguridad-075,seguridad_2fa,PayPal,no_puedo_confirmarlo,paypal_otp,"PayPal: Tu codigo de seguridad es 849201. Caduca en 10 minutos. No compartas este codigo con nadie."
legit-suministros-076,suministros_telco,Iberdrola,no_puedo_confirmarlo,power_bill,"Iberdrola: Ya esta disponible tu factura de electricidad del periodo 15/07 al 15/08 por importe de 54,20 EUR en https://www.iberdrola.es o en la app de clientes."
legit-suministros-077,suministros_telco,Endesa,no_puedo_confirmarlo,endesa_bill,"Endesa Clientes: Te informamos de que tu factura con numero ES90284 por 48,10 EUR sera cargada en cuenta el 28/08. Consulta el detalle en https://www.endesaclientes.com"
legit-suministros-078,suministros_telco,Naturgy,no_puedo_confirmarlo,gas_reading,"Naturgy: Tu lectura real de contador de gas ha sido registrada: 4820 m3. Gracias por mantener tu lectura al dia."
legit-suministros-079,suministros_telco,Movistar,no_puedo_confirmarlo,data_usage,"Movistar: Has consumido el 80% de los datos de tu tarifa movil este mes. Puedes gestionar bonos adicionales en la app Mi Movistar o en https://www.movistar.es"
legit-suministros-080,suministros_telco,Vodafone,no_puedo_confirmarlo,maintenance_notice,"Vodafone: Te informamos de que realizaremos trabajos nocturnos de mejora en la red de fibra de tu zona el 25/08 de 02:00 a 05:00. Disculpa las molestias."
legit-suministros-081,suministros_telco,Orange,no_puedo_confirmarlo,plan_change,"Orange: Confirmamos el cambio de tarifa solicitado. Tu nuevo plan Love entra en vigor el proximo ciclo de facturacion. Gestiona tu linea en https://www.orange.es"
legit-suministros-082,suministros_telco,Digi,no_puedo_confirmarlo,digi_bill,"DIGI: Tu factura de agosto por importe de 20,00 EUR ya esta emitida. Puedes descargarla en formato PDF desde el area de clientes https://www.digimobil.es"
legit-suministros-083,suministros_telco,Yoigo,no_puedo_confirmarlo,technician_appointment,"Yoigo: Recuerda que manana a las 16:00 vendra el instalador de fibra a tu domicilio. Si necesitas modificar la cita llama gratis al 622."
legit-suministros-084,suministros_telco,CanalIsabelII,no_puedo_confirmarlo,water_bill,"Canal de Isabel II: Se ha emitido su factura bimestral de agua por importe de 32,80 EUR con fecha de cargo 05/09."
legit-suministros-085,suministros_telco,TotalEnergies,no_puedo_confirmarlo,boiler_service,"TotalEnergies: Confirmamos la recepcion de tu solicitud de mantenimiento anual de caldera. Un tecnico contactara contigo para concertar fecha."
legit-retail-086,comercio_retail,Zara,no_puedo_confirmarlo,store_pickup,"Zara: Tu pedido 12345678 ya esta listo para recoger en la tienda Zara de Gran Via 34. Dispones de 15 dias mostrando tu ticket electronico."
legit-retail-087,comercio_retail,ElCorteIngles,no_puedo_confirmarlo,online_order_shipped,"El Corte Ingles: Tu compra online 9948201 ha sido preparada y enviada. Recibiras tu pedido en la direccion indicada en 24/48 horas."
legit-retail-088,comercio_retail,Mercadona,no_puedo_confirmarlo,grocery_slot,"Mercadona: Confirmacion de tu compra online. Tu pedido sera entregado el 25/08 en el tramo de 11:00 a 12:00. Consulta el albaran en la app."
legit-retail-089,comercio_retail,Decathlon,no_puedo_confirmarlo,locker_pickup,"Decathlon: Tu servicio de Click&Collect ya esta disponible en Decathlon Castellana. Codigo de taquilla: 4829."
legit-retail-090,comercio_retail,IKEA,no_puedo_confirmarlo,furniture_delivery,"IKEA: Tu pedido de muebles 892014 sera entregado manana entre las 09:00 y las 14:00. Asegurate de que haya alguien en el domicilio."
legit-retail-091,comercio_retail,MediaMarkt,no_puedo_confirmarlo,receipt,"MediaMarkt: Tu factura simplificada de compra esta disponible en tu cuenta. Gracias por comprar en MediaMarkt."
legit-retail-092,comercio_retail,MAPFRE,no_puedo_confirmarlo,policy_renewal,"MAPFRE: Tu poliza de hogar numero 948201 se renovara el proximo 1 de septiembre. Para consultar tu recibo accede a tu area de cliente en https://www.mapfre.es"
legit-retail-093,comercio_retail,Sanitas,no_puedo_confirmarlo,medical_authorization,"Sanitas: Recordatorio de tu autorizacion medica para prueba diagnostica aprobada con exito. Valida durante 6 meses."
legit-retail-094,comercio_retail,ClinicaBaviera,no_puedo_confirmarlo,clinic_reminder,"Clinica Baviera: Le recordamos su revision oftalmologica anual manana a las 17:30. Si necesita cambiar la hora llame al 900180100."
legit-retail-095,comercio_retail,Amazon,no_puedo_confirmarlo,amazon_delivered,"Amazon: Tu paquete con el libro solicitado ha sido entregado en la direccion indicada. Gracias por comprar en Amazon.es"
legit-transporte-096,transporte_viajes,Renfe,no_puedo_confirmarlo,train_ticket,"Renfe: Tu tren AVE Madrid-Sevilla sale manana 25/08 a las 08:15 desde Puerta de Atocha. Coche 4, Plaza 6B. Billete en https://www.renfe.com"
legit-transporte-097,transporte_viajes,Iberia,no_puedo_confirmarlo,flight_checkin,"Iberia: Check-in online abierto para tu vuelo IB3842 Madrid-Londres de manana. Obtén tu tarjeta de embarque en https://www.iberia.com"
legit-transporte-098,transporte_viajes,Cabify,no_puedo_confirmarlo,ride_arrival,"Cabify: Tu conductor Manuel con Toyota Prius (1234KLP) esta llegando al punto de recogida. Tiempo estimado: 2 minutos."
legit-transporte-099,transporte_viajes,Alsa,no_puedo_confirmarlo,bus_ticket,"Alsa: Billete confirmado para la ruta Madrid-Valencia del 29/08 a las 10:00. Darsena 15 en Estacion Sur de Autobuses."
legit-transporte-100,transporte_viajes,Vueling,no_puedo_confirmarlo,gate_info,"Vueling: Informacion sobre tu vuelo VY1820 de hoy: embarque por puerta B22 a las 18:45. Buen vuelo."
